text,count
zootopia,37
written,1
by,28
jared,2
bush,2
phil,2
johnston,2
story,3
byron,1
howard,1
rich,1
moore,1
jim,1
reardon,1
josie,1
trinidad,1
and,331
jennifer,1
lee,1
in,183
black,4
we,147
hear,5
the,782
feral,3
primeval,1
sounds,5
of,224
a,582
jungle,3
at,101
night,29
timpani,2
bangs,4
an,47
ominous,1
beat,16
fade,2
on,164
bunny,39
nervously,2
walks,13
through,25
dark,3
foreboding,1
forest,3
frightened,1
every,6
shadow,3
moving,3
leaf,1
young,34
judy,105
v,22
o,58
fear,7
treachery,1
bloodlust,1
thousands,2
years,4
ago,3
these,13
were,20
forces,2
that,150
ruled,1
our,25
world,14
where,21
prey,16
scared,8
predators,20
had,9
uncontrollable,1
biological,3
urge,1
to,433
maim,1
maul,1
crescendos,1
jaguar,21
leaps,1
out,74
shadows,1
attacks,4
who,33
screams,2
cut,14
inside,7
barn,1
set,1
action,2
continues,5
as,81
imagined,1
amateur,1
stage,8
production,1
blood,9
reams,1
red,8
papier,1
mache,1
entrails,2
ooze,1
from,45
when,27
those,17
run,21
projectile,1
ketchup,1
reveal,13
are,90
animal,14
kid,26
actors,1
hopps,715
is,177
hero,6
this,85
her,147
play,5
being,7
staged,1
banner,1
reads,8
carrot,20
days,9
talent,1
show,3
cont,140
d,156
death,3
crowd,2
looks,59
confused,3
music,7
goes,11
discordant,1
bobby,1
catmull,5
bobcat,3
drum,1
back,52
then,57
was,64
divided,1
two,24
vicious,2
predator,18
or,21
meek,4
boxes,2
drop,2
down,30
labeled,1
box,8
lands,4
get,34
stuck,3
outside,4
she,108
drags,1
them,42
underneath,1
with,81
s,321
but,78
over,34
time,19
evolved,2
moved,1
beyond,1
primitive,3
savage,30
ways,3
sheep,14
wearing,6
white,3
muumuu,4
cardboard,1
rainbow,1
his,69
head,20
does,10
improvisational,1
dance,3
across,13
burst,2
their,29
now,38
muumuus,1
too,17
live,2
harmony,2
shake,2
hands,9
throws,4
glitter,1
mammal,12
has,17
multitudinous,1
opportunities,1
astronaut,5
yeah,34
i,362
don,50
t,127
have,67
cower,1
herd,1
anymore,3
rips,3
off,60
homemade,1
costume,4
instead,1
can,70
be,80
plays,5
slide,2
whistle,2
actuary,3
lonely,1
hunter,1
any,11
more,33
he,128
dressed,1
suit,1
today,3
hunt,1
for,71
tax,4
exemptions,1
m,52
gonna,40
make,20
better,13
place,15
am,28
going,28
style,1
cop,32
theme,1
boom,3
revealing,7
police,13
officer,35
uniform,4
parents,7
bonnie,44
stu,60
look,31
stunned,3
mean,23
fox,36
gideon,38
grey,26
snickers,1
sitting,2
next,10
weasel,16
most,2
stupidest,1
thing,10
ever,10
heard,4
it,246
may,10
seem,4
impossible,2
small,11
minds,2
points,5
looking,9
you,418
drops,3
backdrop,1
showing,3
bright,1
city,20
skyline,1
hits,4
uplifting,1
song,4
just,85
miles,3
away,18
stands,4
great,15
ancestors,1
first,18
joined,1
together,9
peace,2
declared,2
anyone,8
anything,18
thank,23
good,19
gives,14
mighty,1
thespian,1
bow,1
sound,4
organ,1
audience,1
applauds,2
concerned,2
ext,39
festival,2
later,41
day,40
replete,1
food,3
booths,1
games,1
rides,2
all,58
aggressively,1
themed,1
bounces,1
along,6
folks,2
catch,5
conversation,3
mid,1
stream,1
wonder,2
how,17
your,62
mom,5
me,73
got,30
so,69
darn,2
happy,5
nope,3
well,43
gave,3
up,90
dreams,7
settled,2
right,52
bon,3
oh,66
yes,28
hard,6
see,40
beauty,1
complacency,1
jude,4
if,32
try,8
new,12
ll,25
never,22
fail,2
like,42
trying,10
actually,14
what,111
father,2
means,3
hon,1
difficult,1
even,11
become,2
there,61
been,17
no,84
bunnies,5
do,51
guess,4
one,49
because,13
parkours,1
against,8
vendor,1
stand,3
um,5
heck,3
wanna,7
talk,6
about,36
making,7
trio,1
arrives,3
family,13
farm,5
booth,1
which,17
manned,1
many,2
children,2
count,1
way,16
than,10
becoming,2
farmer,2
dad,8
brothers,1
sisters,1
re,88
changing,1
yep,4
amen,1
farming,3
noble,1
profession,1
spots,7
stalking,1
some,23
animals,26
remains,2
fixed,2
yap,1
obliviously,1
mmm,2
hmm,2
putting,3
seeds,1
ground,5
ahh,1
soil,1
long,4
believe,5
em,3
much,11
finally,12
noticing,2
absence,1
go,47
fair,3
behind,16
tree,3
watches,8
intimidates,1
sharla,6
gimme,1
tickets,13
kick,1
little,60
butt,7
ow,2
baa,2
ya,18
cry,7
swipes,1
hey,40
charges,2
toward,8
danger,1
turns,18
projecting,1
image,1
tiny,11
clint,1
eastwood,1
nice,9
loser,2
crazy,6
living,2
think,29
could,16
kindly,1
return,1
my,54
friends,3
pats,1
pocket,2
come,23
`em,11
watch,7
`cause,3
said,9
dumb,10
us,19
used,6
eat,3
killer,1
instinct,1
still,11
dunnahh,1
travis,3
wolf,8
henchman,2
sotto,6
uh,17
pretty,7
sure,9
pronounced,1
n,2
tell,17
know,57
scare,1
shoves,3
falls,4
other,15
flee,1
safety,3
nearby,2
leaving,9
face,13
thugs,5
alone,3
starts,12
tear,3
nose,3
twitch,2
lookit,2
baby,4
suddenly,13
bam,11
kicks,4
hind,1
legs,3
stumbles,1
checks,1
lip,1
quit,7
unsheathes,1
claws,1
switchblade,1
slaps,3
drawing,2
cheek,2
cowers,1
want,15
remember,5
moment,7
will,23
stupid,2
pal,4
laughing,2
high,5
fiving,1
wipes,5
fights,1
tears,3
defeated,3
gareth,2
doubting,2
boy,13
bad,7
okay,36
smiles,9
whips,3
gets,14
here,44
wow,7
awesome,1
doesn,8
talkin,2
`bout,3
picks,6
hat,2
puts,10
academy,5
training,2
facility,1
comparatively,1
huge,7
cadets,3
sit,7
circle,1
major,12
friedkin,11
intimidating,1
drill,2
instructor,3
lectures,1
listen,9
unique,2
ecosystems,1
within,2
its,7
limits,1
tundra,2
town,4
sahara,8
square,8
rainforest,8
district,7
name,9
few,5
master,2
before,13
hit,6
streets,5
dead,15
simulator,1
struggles,4
sand,1
scorching,1
sandstorm,1
bumpkin,1
vine,5
covered,5
monkey,1
bars,3
swings,2
simulating,1
landing,2
mud,1
foot,3
fall,3
ice,14
wall,6
sprint,1
clawed,1
dig,2
into,47
slides,2
frigid,1
girl,1
boxing,1
ring,5
big,52
bison,2
e,1
normous,1
criminal,2
punched,2
three,10
quick,4
cuts,4
failure,2
toilet,7
ruses,1
stall,2
considerably,1
larger,1
shuts,2
door,35
climb,2
feet,3
hippo,3
kersplash,1
filthy,1
fluff,4
own,8
runs,8
sunset,1
after,9
everyone,9
else,4
called,8
voice,7
echoing,1
mind,3
home,5
fuzzy,2
overnight,1
barracks,1
stays,1
late,2
studying,1
doing,13
ups,1
bounds,3
jumps,7
backs,2
makes,4
impressing,1
dodges,1
misses,3
him,63
uses,5
momentum,2
kicking,2
hand,10
knocking,6
dissolve,4
graduation,1
mayor,21
lionheart,33
podium,2
proud,6
announce,1
inclusion,2
initiative,2
produced,1
graduate,1
proudly,3
valedictorian,1
class,5
zpd,27
very,10
rabbit,11
attendance,1
cheer,1
chief,15
among,2
assistant,6
bellwether,84
lost,3
clearing,1
throat,1
badge,18
steps,6
forward,5
pin,3
privilege,1
officially,1
assign,2
heart,1
precinct,1
center,2
barely,2
contain,1
glee,1
shock,2
congratulations,1
won,6
let,20
dream,2
since,8
real,20
guys,11
room,13
teeth,2
group,3
photographers,1
aim,1
cameras,2
front,10
edging,1
photo,5
flashbulbs,1
pop,12
bunnyburrow,4
train,29
station,11
several,3
siblings,1
accompany,1
really,22
kind,10
combo,1
far,3
such,6
ve,20
working,4
whole,3
life,11
excited,2
terrified,2
only,18
itself,2
also,3
bears,10
say,17
nothing,5
lions,1
wolves,17
weasels,1
cribbage,1
cheats,1
tomorrow,3
full,8
scolding,1
foxes,3
worst,2
retreating,2
point,3
biology,4
happened,10
jerk,4
plenty,3
jerks,1
absolutely,2
case,26
made,6
care,6
package,1
take,17
put,6
snacks,1
begins,2
pulling,1
bunch,2
pink,4
deterrents,1
bag,4
deterrent,2
safe,2
repellent,9
needs,2
check,1
removes,4
taser,3
fires,1
sizzles,1
goodness,2
sake,2
need,19
c,5
mon,2
not,62
stop,20
talking,9
grabs,6
pulls,11
terrific,1
wins,1
conductor,2
arriving,2
express,1
ok,1
gotta,12
bye,18
heads,3
held,1
turning,1
both,10
holding,8
emotion,1
catches,1
hugs,2
tight,3
love,11
squeeze,1
cripes,2
waterworks,1
pull,5
everybody,6
cotton,2
waving,1
faces,1
recede,1
distance,2
blasts,2
past,4
passing,5
exponentially,1
increasing,1
population,2
sign,5
iPhone,1
clicks,5
begin,1
montage,3
takes,15
rounds,1
curve,2
eyes,13
light,8
establishing,1
unbelievable,1
metropolis,1
comprised,1
amazing,2
habitat,1
boroughs,1
tundratown,10
savanna,1
central,9
meadowlands,1
etc,5
int,42
spills,1
multi,1
scale,1
environment,1
everything,9
mice,2
elephants,3
downtown,2
emerges,6
main,1
plaza,3
magnificent,1
jumbotron,1
featuring,1
gazelle,22
star,3
blares,1
message,1
loop,1
welcome,4
apartment,7
building,6
hallway,2
dharma,4
armadillo,5
older,1
landlady,1
opens,9
yet,6
grand,1
pangolin,1
arms,2
luxury,1
apartments,1
charm,1
discovers,1
crappy,2
studio,3
complimentary,1
de,1
lousing,1
once,4
month,1
handing,1
keys,6
lose,2
key,2
leaves,5
volatile,1
artsy,1
neighbors,2
kudu,6
oryx,7
pootosser,12
pass,2
hall,5
hi,7
neighbor,1
loud,4
expect,1
apologize,1
respond,4
they,85
gone,9
around,22
blank,1
faced,1
tough,4
read,2
emotions,1
greasy,1
walls,1
rickety,1
bed,3
shut,13
smile,10
flops,1
shouting,1
stretches,1
exhausted,2
overjoyed,1
wake,2
morning,4
rhythmic,1
alarm,2
clock,2
beep,8
dressing,1
vest,6
belt,2
bedside,1
table,4
sits,12
glances,2
smirks,1
taking,4
would,14
silly,2
frame,5
hold,6
second,11
comes,9
department,2
utter,1
mayhem,1
cops,10
parade,1
perps,1
lobby,6
cuffs,2
plastic,1
scary,1
muzzle,5
complains,1
bear,12
marching,1
leopard,3
bared,1
land,3
desk,14
find,35
clawhauser,49
pudgy,1
cheetah,2
happily,1
eating,3
bowl,1
lucky,1
chomps,1
cereal,1
scuse,1
leans,3
did,37
hire,1
cuter,1
thought,11
wince,1
ooo,3
probably,4
didn,12
call,11
another,20
cute,7
gasps,2
realizing,1
sorry,10
benjamin,2
guy,6
thinks,1
flabby,1
donut,11
loving,1
stereotyping,1
neck,4
fold,1
under,9
fat,1
went,9
dickens,2
crams,1
mouth,4
awkwardly,1
should,13
roll,3
bullpen,5
left,3
admiringly,1
himself,2
wistful,1
aw,7
poor,2
eaten,1
alive,2
continuous,6
enters,11
smallest,2
rhinos,1
buffalo,3
hippos,1
holds,10
paw,3
rhino,4
mchorn,7
ready,6
reluctant,2
fist,1
bump,1
nearly,2
chair,5
higgins,4
ten,3
hut,1
bogo,97
gruff,1
cape,1
dais,2
snaps,4
attention,3
stomping,1
floor,6
disappears,2
below,4
meant,1
items,2
docket,1
acknowledge,1
elephant,12
nods,2
francine,2
birthday,3
blushes,1
clap,1
number,8
recruits,2
introduce,1
push,1
pocked,1
map,2
photos,2
missing,18
mammals,6
wide,5
cases,4
giant,2
polar,19
teensy,2
otter,19
tail,4
priority,1
assignments,2
stack,3
files,3
reading,1
glasses,1
examining,1
assigns,1
officers,4
grizzoli,2
fangmeyer,2
delgato,2
teams,2
rhinowitz,1
wolfard,2
snarlov,2
trunkaby,1
expectant,1
steely,1
final,2
file,6
dramatic,2
breath,8
parking,7
duty,4
dismissed,2
sir,30
handle,1
forgot,1
top,6
forget,2
token,1
writing,1
hundred,7
easy,1
slamming,1
stomps,2
write,4
closed,4
noon,2
meter,19
maid,15
cart,5
dons,1
buckles,1
seat,6
floors,1
pedal,1
hour,4
leads,6
zooms,2
row,1
cars,4
marking,1
tires,1
cruising,1
super,4
sensitive,1
ears,5
ding,4
slams,3
brakes,2
issues,1
ticket,8
counter,3
traffic,12
expired,1
rolls,5
writes,2
herself,5
windshield,3
hears,2
street,9
truck,6
driver,8
suspicious,2
slinks,1
cafe,3
peeks,1
window,7
cream,6
parlor,1
jumbeaux,9
moments,18
scoop,2
trunks,3
suck,1
nuts,4
disgusting,1
nick,384
wilde,8
line,4
overhears,1
proprietor,1
jerry,10
addressing,1
jr,7
skulking,1
during,2
daylight,1
hours,6
trouble,3
road,3
unsnaps,1
holster,2
either,2
simply,1
buy,2
jumbo,5
slowly,4
creeping,1
expression,1
changes,4
sees,10
toddler,3
son,5
blue,4
staring,2
embarrassed,1
impulse,1
leave,5
disgusted,1
buddy,4
aren,6
joints,1
part,3
stops,5
tousles,1
hair,2
goofy,1
stinker,1
loves,1
things,6
wants,2
grows,1
toot,16
toy,2
trunk,3
isn,7
adorable,1
crush,1
huh,9
says,3
belittling,1
reserve,1
refuse,2
service,4
hello,9
excuse,3
wait,18
turn,8
metermaid,2
question,6
customers,1
aware,1
getting,4
snot,1
mucous,1
cookies,2
couple,3
overhear,1
spit,1
cause,2
scooping,1
un,2
gloved,1
health,1
code,1
violation,1
guilty,3
employee,1
releases,1
deal,4
course,5
warning,2
glove,2
finish,1
selling,4
please,23
stews,1
fifteen,1
dollars,4
digs,2
wallet,4
kidding,2
weren,2
attached,3
truth,1
mad,3
kisses,1
thanks,3
anyway,2
money,4
keep,11
change,2
enough,5
pay,4
treat,1
y,1
burns,1
backward,2
attitudes,1
articulate,1
fella,1
ah,7
praise,1
rare,1
someone,6
non,1
patronizing,1
totally,2
mr,43
grow,1
sticker,4
chest,2
popsicle,9
paws,3
give,8
toots,1
goodbye,1
spring,3
step,2
car,33
blocks,1
wave,2
notice,4
realizes,2
melting,2
hot,4
sun,1
channeling,1
juice,2
jugs,2
pack,3
van,5
drive,2
stares,2
follows,4
prints,1
create,1
molds,1
pour,1
creating,1
dozens,2
smaller,1
popsicles,3
scandalized,1
savannah,4
resell,1
pawpsicles,3
marked,1
prices,1
lemmings,2
buys,1
rakes,1
cash,2
throw,2
sticks,4
recycling,1
bin,2
finnick,9
bundle,2
mortified,1
rodentia,6
plop,1
mouse,7
construction,2
worker,2
lumber,1
delivery,1
color,2
redwood,2
graduated,1
genuine,1
anger,2
wad,1
work,4
diaper,1
kiss,4
daddy,3
deep,7
bite,4
ciao,1
drives,4
blaring,1
french,1
rap,1
discover,1
stood,1
lied,1
liar,2
hustle,4
sweetheart,4
corner,4
calmly,1
hurries,1
alright,5
slick,2
arrest,2
gee,1
without,3
permit,2
transporting,1
undeclared,1
commerce,2
borough,1
lines,1
false,1
advertising,1
produces,1
documents,1
receipt,1
falsely,2
advertise,1
told,6
wood,3
space,2
middle,2
touch,2
carrots,18
born,2
refrain,1
calling,2
naturally,1
assumed,1
came,2
choked,1
podunk,2
obvious,1
deerbrooke,1
county,1
grew,3
familiar,2
harsher,1
rapidly,2
naive,1
hick,1
grades,1
ideas,1
decides,1
move,2
sing,2
kumbaya,1
whoopsie,3
double,1
threesie,1
cares,2
soon,2
die,2
sinks,1
emotional,3
literal,1
squalor,1
bridge,7
til,1
choice,1
wuzzy,1
between,3
speechless,2
quickly,4
almost,4
crushes,1
careful,1
crushed,1
slightly,1
rattled,1
tells,1
especially,1
guts,1
hustler,1
thinking,4
sly,2
wet,2
cement,3
landed,1
though,5
maybe,5
supervisor,1
hang,3
evening,1
close,6
mat,1
radio,5
hurts,1
sadder,2
repeatedly,2
each,7
progressively,1
treacly,1
instrumental,1
score,1
scene,4
microwave,1
dinner,1
single,2
phone,22
rings,2
insert,2
facetime,2
shakes,3
sighs,5
fake,4
answers,2
dude,2
force,2
hoped,1
feel,4
difference,2
pops,2
holy,1
discovery,1
sweet,5
heaven,1
panicked,1
temporary,1
safest,1
job,5
prayers,1
answered,1
glorious,1
rest,2
meters,1
themselves,2
eye,4
buh,1
hangs,2
self,2
pitying,1
depressing,1
feels,2
quietly,1
might,5
worse,3
thunks,1
moose,2
seconds,1
dings,1
angry,2
gerbil,1
lady,3
ugh,1
mother,4
child,5
mommy,1
wishes,1
cool,2
salary,1
clearly,2
series,3
encounters,1
steering,1
wheel,3
less,1
convinced,1
utterance,1
frantic,3
pig,6
startles,1
rote,1
grievance,1
contest,1
citation,1
court,2
shop,2
robbed,1
running,2
stolen,1
goods,1
snapping,1
worry,2
chase,3
ditching,1
law,2
duke,15
weaselton,17
cottontail,1
screeches,2
whoa,6
coming,9
hood,1
dibs,1
pursuit,1
chases,2
races,4
advances,1
ducks,1
size,1
freeze,1
enter,1
teeming,1
rodents,3
using,2
skates,1
smashing,1
knocks,3
able,1
save,1
crashing,1
resuming,1
precariously,1
midst,1
large,3
`Scuse,2
pardon,1
locates,1
safely,1
escape,1
voyage,1
flat,1
short,1
scream,5
amidst,1
chaos,1
ornamental,1
coppah,1
towards,1
shrews,1
mousies,1
fru,16
shrew,8
ohmygawd,1
print,1
jeggings,1
kill,3
aaaaaaaaaaaagh,1
last,7
meanwhile,2
stealing,3
smugly,1
papa,1
nowhere,2
dumps,1
overflowing,1
filing,1
reports,2
dealing,1
mrs,20
otterton,46
patient,1
settles,1
popped,1
yells,1
office,7
principal,1
report,1
abandoning,1
post,2
inciting,1
scurry,1
reckless,1
endangerment,1
dozen,3
moldy,2
onions,3
hate,2
disagree,1
crocus,1
varietal,1
midnicampum,2
holicithias,2
botanical,1
plant,1
husbandry,1
parked,1
intercom,6
again,5
wanted,7
seems,2
upset,2
asked,2
assigned,1
cartoon,1
musical,1
insipid,1
magically,1
true,2
barges,1
trailing,1
wheezing,1
five,4
minutes,1
tried,2
slippery,1
ma,4
husband,2
emmitt,16
florist,2
beautiful,2
disappear,3
reveals,3
detectives,1
busy,1
somebody,2
hug,2
relief,1
explode,1
bless,2
picture,12
bring,2
babies,1
grunts,1
ushers,3
closes,5
furious,1
fired,1
why,16
insubordination,1
open,16
former,2
delusions,1
grandeur,1
hugging,1
texting,1
starting,3
jazzed,1
sent,3
done,8
stick,1
glue,1
amused,1
laughter,2
always,5
friend,5
pissed,2
strike,1
resign,1
taken,2
aback,2
splendid,1
complete,1
area,3
places,2
piece,2
paper,2
yikes,1
seen,3
none,4
witnesses,1
computer,5
system,4
resources,1
chuckles,1
hope,3
stake,1
career,1
cracking,1
crumbs,2
known,1
sighting,1
brushes,1
annoyingly,1
slurps,1
soda,2
bottle,3
squints,1
intrigued,1
borrow,1
grabbing,1
enlarge,1
pawpsicle,3
murder,1
weapon,3
lead,2
pushing,1
stroller,3
smiling,3
laugh,3
humoring,1
ha,9
ho,1
ask,2
questions,4
steal,2
cone,1
wasn,4
ahead,6
siren,2
important,5
worth,1
bucks,2
year,3
hop,2
cam,2
sold,2
somewhere,1
store,1
stuffed,1
droop,1
fine,7
boot,2
nicholas,2
howting,1
feewings,1
felony,1
evasion,1
bit,4
decades,1
times,1
twenty,2
calculating,1
million,1
four,2
sixty,1
thousand,2
multiplying,1
according,1
forms,2
presenting,1
reported,1
zero,1
unfortunately,2
lying,2
federal,1
form,2
punishable,1
offense,1
jail,2
word,6
yours,4
button,4
pen,14
speaks,1
recorder,3
help,9
prison,1
cafeteria,1
smirk,1
utterly,1
hustled,2
rude,1
fun,3
fuzz,1
thwap,1
junior,4
start,7
saw,6
exactly,3
forceful,1
boss,2
mystic,2
oasis,2
agey,1
incense,1
meditating,1
hippie,8
yak,15
flies,2
buzzing,1
matching,1
tone,1
ohm,1
approach,5
yax,15
oooooooooohmmmmmmmm,1
oooooooooooohmmmmmm,1
incessant,1
chanting,1
trance,1
notices,3
pause,1
scout,5
shows,6
frequented,1
establishment,1
something,11
choo,1
everywhere,3
ol,2
haven,3
weeks,2
yoga,3
appreciate,1
imagine,1
naked,4
naturalist,3
club,2
grins,1
pleased,1
nangi,13
side,6
pleasure,1
pool,4
doors,2
tons,1
sunning,1
playing,2
uncomfortable,1
shame,1
quits,1
spirit,1
courtyard,1
revels,1
discomfort,1
nude,2
lots,1
oblivious,1
weird,2
clothes,1
engaging,1
string,1
fairly,2
evocative,1
poses,1
dudes,1
memory,4
beaver,1
wednesdays,1
`Member,2
green,1
cable,1
knit,1
sweater,1
pair,1
corduroy,1
slacks,1
paisley,1
tie,1
windsor,1
knot,1
bothered,1
useless,1
gold,1
mine,1
walked,1
silver,1
trim,1
needed,2
tune,1
third,1
cylinder,1
firing,1
happen,2
license,5
plate,12
thd,7
lot,5
info,1
steel,1
trap,1
wish,2
emerge,5
ball,3
clue,1
seeing,3
moron,3
bid,1
adieu,1
reaches,5
hanging,1
frustrated,2
grunt,2
idea,4
withholding,1
gosh,2
task,2
hook,1
forever,2
solve,2
remembered,1
dmv,5
arrive,3
vehicles,1
flash,40
fastest,1
fighting,1
minute,2
counts,2
alarmed,1
sloths,1
sloth,5
employees,1
extraordinary,1
amounts,1
simplest,1
tasks,1
stapling,1
stamping,1
faux,2
innocence,1
saying,2
fast,4
yard,3
dash,2
meet,1
darlin,1
forgotten,1
impatient,1
hoping,3
pauses,1
cautiously,3
optimistic,1
finished,1
hurry,4
beats,2
hd,1
h,2
mmhmm,1
joke,3
humped,5
camel,4
pregnant,3
laughs,1
react,1
raises,1
funny,3
focus,1
priscilla,2
aggggggghhhhhhh,1
slow,1
dot,1
matrix,1
printer,1
spits,1
address,2
frantically,3
registered,1
limo,3
took,3
bud,1
owe,1
rush,2
snowy,1
reach,2
legitimate,1
enterprise,1
tries,11
lock,1
mm,2
betcha,2
warrant,3
hm,1
bummer,1
gated,1
chained,1
limos,1
snow,2
wasted,1
purpose,2
madam,1
impede,1
pretend,2
investigation,2
gotten,2
problem,1
somehow,1
sad,3
miserable,1
considers,3
percent,2
sans,1
casually,2
fence,3
sore,1
helped,1
onto,8
snatches,1
probable,1
shifty,2
low,1
climbing,1
helping,2
cheerfully,1
quite,1
respect,2
opponent,1
bumper,2
refrigousine,1
belongs,1
refrigerator,1
snoop,1
tweezers,1
pick,3
clump,1
fur,4
opening,1
god,2
vole,2
cds,2
velvety,1
pipes,1
cd,1
collecting,1
clues,1
lowers,1
partition,1
flashlight,2
claw,5
marks,5
covering,1
fog,1
slink,1
drivers,2
definitely,1
cocktail,1
glass,4
etched,1
b,2
rat,2
fancy,1
cup,1
whose,2
found,6
feared,1
crime,3
bigger,3
finds,1
excitement,1
raymond,1
kevin,1
speaking,1
old,4
grab,2
throats,1
yank,1
screen,5
vroom,1
whizzes,1
sandwiched,1
whom,2
scrolls,1
zoogle,1
expensive,1
wool,3
rug,5
skunk,4
cheese,1
crackers,1
security,2
gate,4
residential,1
compound,1
guard,6
lets,3
residence,1
shoved,1
godfather,1
biggest,2
growls,3
upon,1
teeny,1
arctic,2
marlon,1
brando,1
sped,1
rpm,1
simple,2
misunder,1
finger,1
painstakingly,1
misunderstanding,1
motions,4
unannounced,1
daughter,3
married,1
brought,2
impressed,6
certainly,1
wedding,4
trusted,1
nicky,1
welcomed,1
broke,2
bread,1
gram,3
mama,3
cannoli,1
repay,1
generosity,1
disrespected,2
buried,1
snooping,1
performer,1
mime,4
cannot,3
speak,4
evidence,3
intimidate,1
request,1
snatch,1
hidden,2
icy,1
beneath,1
rugs,1
dumped,1
icing,1
saved,2
yesterday,1
warm,1
whisper,1
dress,1
kindness,1
cheeks,1
happening,6
reception,1
lavish,1
celebration,1
dancing,4
pieces,3
cake,1
discuss,1
arrived,3
attacked,3
ripped,1
half,3
disappeared,1
trade,1
worried,1
glance,1
following,1
cross,2
walking,2
manchas,25
lives,1
mossy,1
rope,1
above,5
moss,1
canopy,5
bell,1
creaks,2
muffled,1
asking,1
chain,1
badly,2
beaten,1
scratches,1
flashback,8
driving,2
gap,1
fours,2
spins,1
haunted,1
kept,1
yelling,1
howlers,17
share,1
subtle,1
considering,1
unlock,2
deadbolts,1
clever,2
commotion,1
followed,1
inch,1
startled,1
pushes,2
hunched,1
grunting,1
raaagh,1
dilated,1
turned,2
poised,1
pounce,2
deranged,1
primal,1
closing,1
wrong,4
jump,4
lower,1
branch,2
duck,1
hollow,1
log,2
dispatch,2
same,7
handcuffed,1
perp,1
video,1
singing,1
blinks,1
ignores,1
greatest,2
singer,1
lifetime,1
angel,1
horns,1
watching,3
beside,1
dancer,3
digitized,1
robo,2
joyous,1
app,3
ringing,1
speaker,1
rev,1
dd,1
yy,1
raagh,2
swipe,1
tu,1
junja,1
tujunga,4
slips,2
dropping,1
sending,2
sliding,1
gondola,8
skytrams,1
gondolas,1
darts,2
headed,1
platform,4
manages,1
dangling,1
edge,5
searches,1
struggling,4
avail,1
stalks,3
clank,1
yanked,1
handcuff,1
metal,2
cuffed,1
tense,1
personal,1
thrashes,1
abyss,1
racing,1
whatever,4
noooo,1
swinging,1
netting,1
vines,1
relieved,1
zp,1
deeeeeeeeeeeee,1
plummet,1
impact,1
woo,1
convoy,1
screeching,2
cavalry,1
confidence,1
scoffing,1
stone,1
age,1
`til,1
handcuffs,1
buying,1
killed,2
aggressive,3
rabbits,2
calls,2
explain,1
incredulous,1
witness,1
enlisted,1
straw,1
extends,1
arm,5
waiting,1
glares,1
giving,2
clown,1
mobile,1
cracked,2
sticking,2
technically,1
follow,3
crack,1
guides,1
motioning,1
flabbergasted,1
stare,2
straight,1
surprised,1
emotionally,1
unbalanced,1
har,2
join,1
ranger,1
scouts,1
bedroom,1
dusk,1
cherubic,1
mirror,1
tying,1
kerchief,1
scraped,1
brand,2
fit,1
sidewalk,1
stairs,1
troop,1
meeting,2
church,1
basement,1
kids,8
uniforms,1
initiation,1
promising,1
lights,1
switch,3
flashlights,1
shining,2
gestapo,1
spotlights,1
raise,1
deliver,1
oath,1
promise,1
brave,1
loyal,1
helpful,1
trustworthy,1
tackle,1
pile,1
shoving,1
pinned,1
primary,1
straddles,1
snout,1
muzzled,5
trust,4
dumber,1
breaks,1
free,1
scrambles,1
fright,1
sight,1
panics,1
remove,1
painfully,1
collapses,1
weeping,1
learned,1
avoids,1
contact,1
untrustworthy,1
touches,2
pierces,1
clouds,1
dawn,2
view,1
abruptly,1
subject,1
chuck,3
jam,2
cams,5
glad,1
lightbulb,2
seriously,1
shh,1
shush,2
caught,3
bingo,1
sneaky,1
however,1
access,1
doubt,2
balance,1
binders,3
while,4
pace,1
review,1
setting,1
binder,1
atop,1
clear,2
afternoon,2
herds,1
grazing,1
spilling,1
mutton,1
chops,1
mess,1
appear,1
cramped,1
hover,1
database,1
subtly,1
puff,2
mouths,1
fluffy,1
candy,1
swats,1
accidentally,2
angle,2
exciting,1
glorified,1
secretary,1
vote,1
cheerily,1
mug,2
appreciated,2
smellwether,2
cringes,1
likes,1
use,5
lionfart,1
pressing,1
cancel,1
dear,1
heavy,1
sleep,1
footage,4
skids,1
timberwolves,1
dumdums,1
capture,1
net,1
shocked,1
unfazed,1
nickel,1
howl,7
howling,2
bulb,1
afraid,2
bet,1
monitor,1
tunnel,3
avoid,1
surveillance,1
illegal,1
maintenance,1
camera,1
detective,2
dare,1
clicking,1
track,2
alleys,1
roads,1
acacia,1
alley,1
ficus,1
underpass,2
south,1
canyon,1
heading,1
cliffside,4
asylum,7
golden,1
imposing,1
waterfall,2
spy,1
yards,1
sneak,5
stationed,1
elaborate,2
signals,1
sniffs,1
air,2
moves,1
ooooooooooo,1
distant,2
cupping,1
approaches,3
gary,2
oooooooo,1
oooooooooo,1
distraction,1
complex,1
drainage,1
pipe,2
leading,1
drain,2
creepy,1
cavernous,1
medical,3
equipment,3
combination,1
hospital,4
century,1
zoo,1
shines,1
corridor,4
end,3
nears,1
tension,1
builds,1
ward,1
modern,1
scuffed,1
tiger,1
cage,2
startling,1
swivels,1
reflective,1
cages,2
pacing,1
cell,3
continue,1
until,1
gently,1
wife,2
lunges,3
missus,1
cells,1
counting,1
including,2
handed,1
click,3
retreat,1
excuses,1
doctor,7
berating,1
badger,6
serious,3
intense,1
tired,1
recording,2
cuz,1
rails,1
awfully,1
consider,1
secret,1
public,2
lion,2
ruined,1
silence,2
sweep,1
triggers,1
approaching,1
swim,3
storm,1
searching,1
intruders,1
swirling,1
water,2
disappearing,1
fly,1
tubes,1
sewer,1
cascading,1
river,1
desperately,1
gasping,1
bagged,1
earlier,1
bursts,1
ecstatic,1
jeeeeez,1
widen,1
helicopters,1
surround,1
flanked,2
remain,2
silent,2
understand,3
protect,6
destroy,1
flashing,1
addresses,1
press,6
posters,2
ladies,1
gentlemammals,1
newest,1
recruit,1
remind,1
trails,1
background,3
bites,1
nails,1
nervous,2
rrrgh,1
conference,1
smart,1
answer,2
pretending,1
partner,3
application,2
gestures,4
touched,1
pointing,1
reporter,13
different,1
species,1
thumbs,1
connection,1
members,1
ones,2
accu,1
accurate,1
disappointed,1
rumbling,1
appease,1
reacts,1
component,2
dna,2
survived,2
hunting,1
instincts,1
reason,2
reverting,2
hearing,2
disbelieving,1
ends,1
possible,2
must,1
vigilant,1
prepared,1
sends,1
absolute,1
frenzy,1
considered,2
mandatory,1
quarantine,1
eager,1
completely,2
unaware,1
started,1
controversy,1
chance,1
mention,1
sarcastic,1
stated,1
facts,1
carry,1
guiltily,1
item,1
met,1
escalating,1
heartbroken,2
flinches,1
unthinkingly,1
calm,1
hurt,3
knew,1
believed,1
best,1
crumples,1
tosses,2
threatened,1
reporters,1
news,13
anchors,1
graphic,1
tragedy,1
female,2
anchor,6
gripped,1
caribou,2
loaded,1
ambulance,1
shot,1
critical,1
condition,1
victim,1
mauling,1
th,1
attack,1
week,1
connected,1
violence,1
traditionally,1
predatory,1
male,1
rally,1
organized,1
marred,1
protest,2
protesters,2
separate,1
diverse,1
celebrate,1
differences,1
interview,2
vo,1
shots,2
subway,8
blindly,1
blame,2
flail,1
madman,1
padded,1
irresponsible,2
label,1
savages,2
exhaustion,1
distress,1
gazzelle,1
divide,1
broadcast,1
laptop,1
loads,2
myself,1
walk,3
records,1
downstairs,1
boiler,1
waits,1
match,1
wider,2
pamphlet,3
integrity,1
honesty,1
bravery,1
words,1
yourself,2
credit,1
broken,1
due,1
supposed,1
serve,1
apart,1
sigh,2
deserve,1
worked,1
opportunity,1
sets,1
concern,1
farms,2
vegetable,1
works,2
wraps,1
newspaper,2
headline,2
growing,2
unrest,1
divides,1
doin,1
droopy,1
trier,2
innocent,1
devil,2
baked,1
stuff,1
fresh,1
produce,2
opened,1
gid,2
pastry,1
chefs,1
tri,1
burrows,1
paunchy,1
climbs,1
darned,1
adult,3
behaved,1
youth,1
lotta,1
manifested,1
unchecked,1
rage,1
aggression,1
anyhow,1
pies,3
tearing,2
field,1
bee,1
lining,1
shouts,1
others,1
dollar,1
flowers,5
crops,1
bugs,1
near,1
account,1
uncle,1
terry,2
ate,1
dawning,1
realization,2
stay,2
strong,2
sizable,1
divot,1
equation,1
peels,1
dust,1
tongues,1
softens,1
desolate,1
lawn,1
toxic,1
targeting,1
interesting,1
forgive,2
wouldn,1
ignorant,1
minded,1
shouldn,2
suffer,1
mistakes,2
fix,1
horrible,1
knowing,1
cocks,2
erase,1
sniffles,1
standing,2
shotgun,2
blueberries,3
eats,1
plan,1
knock,2
merchandise,1
favorite,1
movies,3
released,1
customer,1
scans,1
array,1
blatant,1
wreck,1
wrangled,1
offer,1
appearing,1
bootleg,1
flopsy,1
copsy,1
wessleton,1
ain,2
flicks,1
toothpick,1
pit,1
aaagh,1
agh,1
dirty,1
godmother,1
future,1
granddaughter,1
stole,1
sell,2
offered,1
couldn,1
pre,2
lap,2
ram,3
named,1
doug,14
spot,3
underground,1
abandoned,3
opposite,1
friendly,1
unfriendly,1
entrance,2
greenhouse,1
rows,1
cornered,1
market,1
hide,1
labworker,1
process,1
harvesting,1
pollen,1
eventually,1
producing,1
paint,1
pellet,3
howler,2
toxin,1
mark,1
gun,5
pictures,1
various,1
targets,1
puzzle,1
falling,1
hitting,1
serum,3
buzz,1
whichever,1
goons,2
returned,1
woolter,14
latte,1
jesse,5
creeps,1
hiding,1
extra,1
foam,1
locks,1
banging,1
trapped,1
rushes,1
control,1
engine,1
miracle,1
rust,1
bucket,2
hallelujah,1
tracks,4
kinda,1
situation,1
lab,2
minions,1
race,3
feeling,1
confident,1
mission,1
accomplished,1
premature,1
victory,2
blows,1
list,1
busted,1
rescind,1
noise,1
roof,1
hail,1
busts,1
flailing,1
charging,1
speed,4
incoming,1
carries,2
dislodging,1
knocked,1
horn,1
hurtles,1
dives,1
bucked,1
staving,1
unstuck,1
appears,2
perfectly,1
switches,1
avoiding,1
oncoming,1
except,2
derails,1
fire,1
dive,1
explodes,1
explosion,1
destroyed,1
shaking,1
containing,1
smacks,1
grimaces,1
natural,3
history,3
museum,4
empty,1
darting,1
applauding,1
troubling,1
rams,4
blocking,1
shoulder,1
sharp,1
wooly,1
mammoth,1
tusk,1
slashes,1
leg,2
ach,1
bleeding,1
pillar,1
relax,1
handkerchief,1
whoops,1
blueberry,2
team,3
talks,1
underestimated,1
sick,1
united,1
common,2
enemy,1
unstoppable,1
mummified,1
jackalope,1
illuminated,1
tackles,1
sunken,1
diorama,1
stayed,1
dart,3
aims,1
thwick,1
crouch,1
dials,1
fight,1
preds,1
biologically,1
predisposed,1
limp,1
fears,1
power,1
milking,1
besides,1
yakkety,1
laid,1
beautifully,1
disbelief,1
yea,1
livid,1
chamber,1
delicious,1
licking,1
fingers,1
framed,1
oooo,1
nailed,1
headlines,1
led,1
orange,1
jumpsuit,1
masterminding,1
plagued,1
predecessor,1
leodore,1
denies,1
knowledge,1
plot,1
claiming,1
feline,1
kitty,1
cowlick,1
interviews,1
imprison,1
classic,1
pred,2
related,1
doctors,1
antidote,1
proving,1
effective,1
rehabilitating,1
afflicted,1
wakes,1
reunion,1
focuses,1
soccer,2
perfect,1
complicated,1
slogan,1
messy,1
unpacking,1
donuts,1
limitations,1
exceptional,1
cadet,2
grounds,1
commencement,1
graduates,1
matter,1
type,1
shades,1
winks,1
implore,1
readies,1
exchange,1
nod,1
sincere,1
gesture,1
official,1
salute,1
recognize,1
caps,1
thrown,1
fades,1
applause,1
interrupted,1
finest,1
inspirational,1
greeting,1
cards,1
swat,1
undercover,1
anticipation,1
racer,1
pawpsickle,2
lurches,1
jamming,1
oops,1
stopped,1
tricked,1
sports,2
gas,1
patrol,1
fleeing,1
halt,1
fst,1
nml,1
exit,1
per,1
explanation,1
